{"cameraMode":{"drawMode":0,"name":"Shaded","section":"Shading Mode"},"sceneLighting":false,"audioPlay":false,"sceneViewState":{"m_AlwaysRefresh":false,"showFog":true,"showSkybox":false,"showFlares":true,"showImageEffects":true,"showParticleSystems":true,"showVisualEffectGraphs":true,"m_FxEnabled":true},"in2DMode":false,"pivot":{"x":0.19765248894691468,"y":1.1012948751449586,"z":-0.07249892503023148},"rotation":{"x":0.04178238287568092,"y":-0.9569331407546997,"z":0.2268972098827362,"w":0.17621584236621858},"size":2.052638053894043,"orthographic":false}