{"cameraMode":{"drawMode":0,"name":"Shaded","section":"Shading Mode"},"sceneLighting":false,"audioPlay":false,"sceneViewState":{"m_AlwaysRefresh":false,"showFog":true,"showSkybox":false,"showFlares":true,"showImageEffects":true,"showParticleSystems":true,"showVisualEffectGraphs":true,"m_FxEnabled":true},"in2DMode":false,"pivot":{"x":0.6792520880699158,"y":0.5806758403778076,"z":1.3459103107452393},"rotation":{"x":0.20847436785697938,"y":0.12606944143772126,"z":-0.027109267190098764,"w":0.9694878458976746},"size":1.4958107471466065,"orthographic":false}